Year,Province,Division,District,VehicleType,Raw_Count,Cleaned_Count,Change_Type
2018,Punjab,Rawalpindi,Attock,Auto Rickshaws,20383.0,21268,corrected
2022,Punjab,Rawalpindi,Attock,Auto Rickshaws,,22704,inserted (gap-fill)
2018,Punjab,Bahawalpur,Bahawalnagar,Auto Rickshaws,444.0,534,corrected
2022,Punjab,Bahawalpur,Bahawalnagar,Auto Rickshaws,,550,inserted (gap-fill)
2018,Punjab,Bahawalpur,Bahawalpur,Auto Rickshaws,7625.0,8070,corrected
2022,Punjab,Bahawalpur,Bahawalpur,Auto Rickshaws,,9332,inserted (gap-fill)
2018,Punjab,Sargodha,Bhakkar,Auto Rickshaws,22110.0,24012,corrected
2022,Punjab,Sargodha,Bhakkar,Auto Rickshaws,,27268,inserted (gap-fill)
2018,Punjab,Rawalpindi,Chakwal,Auto Rickshaws,13476.0,14902,corrected
2022,Punjab,Rawalpindi,Chakwal,Auto Rickshaws,,19591,inserted (gap-fill)
2018,Punjab,Faisalabad,Chiniot,Auto Rickshaws,10153.0,11009,corrected
2022,Punjab,Faisalabad,Chiniot,Auto Rickshaws,,15526,inserted (gap-fill)
2018,Punjab,D.G.Khan,D.G.Khan,Auto Rickshaws,638.0,642,corrected
2022,Punjab,D.G.Khan,D.G.Khan,Auto Rickshaws,,654,inserted (gap-fill)
2018,Punjab,Faisalabad,Faisalabad,Auto Rickshaws,22152.0,23168,corrected
2022,Punjab,Faisalabad,Faisalabad,Auto Rickshaws,,24086,inserted (gap-fill)
2018,Punjab,Gujranwala,Gujranwala,Auto Rickshaws,15715.0,17306,corrected
2022,Punjab,Gujranwala,Gujranwala,Auto Rickshaws,,15164,inserted (gap-fill)
2018,Punjab,Gujranwala,Gujrat,Auto Rickshaws,11569.0,12130,corrected
2022,Punjab,Gujranwala,Gujrat,Auto Rickshaws,,12205,inserted (gap-fill)
2018,Punjab,Gujranwala,Hafizabad,Auto Rickshaws,186.0,232,corrected
2022,Punjab,Gujranwala,Hafizabad,Auto Rickshaws,,331,inserted (gap-fill)
2018,Punjab,Faisalabad,Jhang,Auto Rickshaws,15052.0,16337,corrected
2022,Punjab,Faisalabad,Jhang,Auto Rickshaws,,20300,inserted (gap-fill)
2018,Punjab,Rawalpindi,Jhelum,Auto Rickshaws,14724.0,16093,corrected
2022,Punjab,Rawalpindi,Jhelum,Auto Rickshaws,,20336,inserted (gap-fill)
2018,Punjab,Lahore,Kasur,Auto Rickshaws,369.0,374,corrected
2022,Punjab,Lahore,Kasur,Auto Rickshaws,,414,inserted (gap-fill)
2018,Punjab,Multan,Khanewal,Auto Rickshaws,595.0,613,corrected
2022,Punjab,Multan,Khanewal,Auto Rickshaws,,590,inserted (gap-fill)
2018,Punjab,Sargodha,Khushab,Auto Rickshaws,11730.0,12577,corrected
2022,Punjab,Sargodha,Khushab,Auto Rickshaws,,15524,inserted (gap-fill)
2018,Punjab,Lahore,Lahore,Auto Rickshaws,180296.0,185622,corrected
2022,Punjab,Lahore,Lahore,Auto Rickshaws,,221960,inserted (gap-fill)
2018,Punjab,D.G.Khan,Layyah,Auto Rickshaws,7263.0,8114,corrected
2022,Punjab,D.G.Khan,Layyah,Auto Rickshaws,,11007,inserted (gap-fill)
2018,Punjab,Multan,Lodhran,Auto Rickshaws,385.0,443,corrected
2022,Punjab,Multan,Lodhran,Auto Rickshaws,,674,inserted (gap-fill)
2018,Punjab,Gujranwala,M.B.Din,Auto Rickshaws,2470.0,2936,corrected
2022,Punjab,Gujranwala,M.B.Din,Auto Rickshaws,,3846,inserted (gap-fill)
2018,Punjab,Sargodha,Mianwali,Auto Rickshaws,7594.0,8012,corrected
2022,Punjab,Sargodha,Mianwali,Auto Rickshaws,,8400,inserted (gap-fill)
2018,Punjab,Multan,Multan,Auto Rickshaws,16938.0,18460,corrected
2022,Punjab,Multan,Multan,Auto Rickshaws,,22414,inserted (gap-fill)
2018,Punjab,D.G.Khan,Muzaffargarh,Auto Rickshaws,662.0,666,corrected
2022,Punjab,D.G.Khan,Muzaffargarh,Auto Rickshaws,,773,inserted (gap-fill)
2022,Punjab,Lahore,Nankana Sahib,Auto Rickshaws,,47,inserted (gap-fill)
2018,Punjab,Gujranwala,Narowal,Auto Rickshaws,1811.0,2061,corrected
2022,Punjab,Gujranwala,Narowal,Auto Rickshaws,,2660,inserted (gap-fill)
2018,Punjab,Sahiwal,Okara,Auto Rickshaws,3276.0,3578,corrected
2022,Punjab,Lahore,Okara,Auto Rickshaws,,3446,inserted (gap-fill)
2018,Punjab,Sahiwal,Pakpattan,Auto Rickshaws,332.0,334,corrected
2022,Punjab,Multan,Pakpattan,Auto Rickshaws,,251,inserted (gap-fill)
2018,Punjab,Bahawalpur,R.Y.Khan,Auto Rickshaws,418.0,470,corrected
2022,Punjab,Bahawalpur,R.Y.Khan,Auto Rickshaws,,506,inserted (gap-fill)
2022,Punjab,D.G.Khan,Rajanpur,Auto Rickshaws,,4,inserted (gap-fill)
2018,Punjab,Rawalpindi,Rawalpindi,Auto Rickshaws,27612.0,29490,corrected
2022,Punjab,Rawalpindi,Rawalpindi,Auto Rickshaws,,33146,inserted (gap-fill)
2018,Punjab,Sahiwal,Sahiwal,Auto Rickshaws,2918.0,2956,corrected
2022,Punjab,Multan,Sahiwal,Auto Rickshaws,,1108,inserted (gap-fill)
2018,Punjab,Sargodha,Sargodha,Auto Rickshaws,37232.0,40434,corrected
2022,Punjab,Sargodha,Sargodha,Auto Rickshaws,,46038,inserted (gap-fill)
2022,Punjab,Lahore,Sheikhupura,Auto Rickshaws,,2084,inserted (gap-fill)
2018,Punjab,Gujranwala,Sialkot,Auto Rickshaws,23624.0,26678,corrected
2022,Punjab,Gujranwala,Sialkot,Auto Rickshaws,,34101,inserted (gap-fill)
2018,Punjab,Faisalabad,T.T.Singh,Auto Rickshaws,500.0,519,corrected
2022,Punjab,Faisalabad,T.T.Singh,Auto Rickshaws,,402,inserted (gap-fill)
2018,Punjab,Multan,Vehari,Auto Rickshaws,403.0,428,corrected
2022,Punjab,Multan,Vehari,Auto Rickshaws,,479,inserted (gap-fill)
2017,Punjab,Rawalpindi,Attock,Mini Buses/Buses/Flying/Luxury Coaches,3384.0,1532,corrected
2022,Punjab,Rawalpindi,Attock,Mini Buses/Buses/Flying/Luxury Coaches,,2598,inserted (gap-fill)
2017,Punjab,Bahawalpur,Bahawalnagar,Mini Buses/Buses/Flying/Luxury Coaches,1082.0,630,corrected
2022,Punjab,Bahawalpur,Bahawalnagar,Mini Buses/Buses/Flying/Luxury Coaches,,176,inserted (gap-fill)
2017,Punjab,Bahawalpur,Bahawalpur,Mini Buses/Buses/Flying/Luxury Coaches,2792.0,1750,corrected
2022,Punjab,Bahawalpur,Bahawalpur,Mini Buses/Buses/Flying/Luxury Coaches,,956,inserted (gap-fill)
2017,Punjab,Sargodha,Bhakkar,Mini Buses/Buses/Flying/Luxury Coaches,1244.0,654,corrected
2022,Punjab,Sargodha,Bhakkar,Mini Buses/Buses/Flying/Luxury Coaches,,286,inserted (gap-fill)
2017,Punjab,Rawalpindi,Chakwal,Mini Buses/Buses/Flying/Luxury Coaches,2322.0,1157,corrected
2022,Punjab,Rawalpindi,Chakwal,Mini Buses/Buses/Flying/Luxury Coaches,,544,inserted (gap-fill)
2017,Punjab,Faisalabad,Chiniot,Mini Buses/Buses/Flying/Luxury Coaches,321.0,164,corrected
2022,Punjab,Faisalabad,Chiniot,Mini Buses/Buses/Flying/Luxury Coaches,,30,inserted (gap-fill)
2017,Punjab,D.G.Khan,D.G.Khan,Mini Buses/Buses/Flying/Luxury Coaches,2155.0,1145,corrected
2022,Punjab,D.G.Khan,D.G.Khan,Mini Buses/Buses/Flying/Luxury Coaches,,993,inserted (gap-fill)
2022,Punjab,Faisalabad,Faisalabad,Mini Buses/Buses/Flying/Luxury Coaches,,3554,inserted (gap-fill)
2022,Punjab,Gujranwala,Gujranwala,Mini Buses/Buses/Flying/Luxury Coaches,,1744,inserted (gap-fill)
2022,Punjab,Gujranwala,Gujrat,Mini Buses/Buses/Flying/Luxury Coaches,,1000,inserted (gap-fill)
2017,Punjab,Gujranwala,Hafizabad,Mini Buses/Buses/Flying/Luxury Coaches,520.0,262,corrected
2022,Punjab,Gujranwala,Hafizabad,Mini Buses/Buses/Flying/Luxury Coaches,,222,inserted (gap-fill)
2022,Punjab,Faisalabad,Jhang,Mini Buses/Buses/Flying/Luxury Coaches,,948,inserted (gap-fill)
2017,Punjab,Rawalpindi,Jhelum,Mini Buses/Buses/Flying/Luxury Coaches,1848.0,1110,corrected
2022,Punjab,Rawalpindi,Jhelum,Mini Buses/Buses/Flying/Luxury Coaches,,608,inserted (gap-fill)
2017,Punjab,Lahore,Kasur,Mini Buses/Buses/Flying/Luxury Coaches,1256.0,628,corrected
2022,Punjab,Lahore,Kasur,Mini Buses/Buses/Flying/Luxury Coaches,,294,inserted (gap-fill)
2017,Punjab,Multan,Khanewal,Mini Buses/Buses/Flying/Luxury Coaches,987.0,520,corrected
2022,Punjab,Multan,Khanewal,Mini Buses/Buses/Flying/Luxury Coaches,,87,inserted (gap-fill)
2017,Punjab,Sargodha,Khushab,Mini Buses/Buses/Flying/Luxury Coaches,1308.0,804,corrected
2022,Punjab,Sargodha,Khushab,Mini Buses/Buses/Flying/Luxury Coaches,,628,inserted (gap-fill)
2017,Punjab,Lahore,Lahore,Mini Buses/Buses/Flying/Luxury Coaches,76586.0,50398,corrected
2022,Punjab,Lahore,Lahore,Mini Buses/Buses/Flying/Luxury Coaches,,65279,inserted (gap-fill)
2017,Punjab,D.G.Khan,Layyah,Mini Buses/Buses/Flying/Luxury Coaches,1115.0,644,corrected
2022,Punjab,D.G.Khan,Layyah,Mini Buses/Buses/Flying/Luxury Coaches,,280,inserted (gap-fill)
2017,Punjab,Multan,Lodhran,Mini Buses/Buses/Flying/Luxury Coaches,337.0,172,corrected
2022,Punjab,Multan,Lodhran,Mini Buses/Buses/Flying/Luxury Coaches,,175,inserted (gap-fill)
2017,Punjab,Gujranwala,M.B.Din,Mini Buses/Buses/Flying/Luxury Coaches,970.0,483,corrected
2022,Punjab,Gujranwala,M.B.Din,Mini Buses/Buses/Flying/Luxury Coaches,,375,inserted (gap-fill)
2017,Punjab,Sargodha,Mianwali,Mini Buses/Buses/Flying/Luxury Coaches,1807.0,942,corrected
2022,Punjab,Sargodha,Mianwali,Mini Buses/Buses/Flying/Luxury Coaches,,766,inserted (gap-fill)
2022,Punjab,Multan,Multan,Mini Buses/Buses/Flying/Luxury Coaches,,5760,inserted (gap-fill)
2022,Punjab,D.G.Khan,Muzaffargarh,Mini Buses/Buses/Flying/Luxury Coaches,,215,inserted (gap-fill)
2017,Punjab,Lahore,Nankana Sahib,Mini Buses/Buses/Flying/Luxury Coaches,481.0,240,corrected
2022,Punjab,Lahore,Nankana Sahib,Mini Buses/Buses/Flying/Luxury Coaches,,35,inserted (gap-fill)
2017,Punjab,Gujranwala,Narowal,Mini Buses/Buses/Flying/Luxury Coaches,567.0,294,corrected
2022,Punjab,Gujranwala,Narowal,Mini Buses/Buses/Flying/Luxury Coaches,,45,inserted (gap-fill)
2017,Punjab,Sahiwal,Okara,Mini Buses/Buses/Flying/Luxury Coaches,1285.0,815,corrected
2022,Punjab,Lahore,Okara,Mini Buses/Buses/Flying/Luxury Coaches,,269,inserted (gap-fill)
2017,Punjab,Sahiwal,Pakpattan,Mini Buses/Buses/Flying/Luxury Coaches,759.0,442,corrected
2022,Punjab,Multan,Pakpattan,Mini Buses/Buses/Flying/Luxury Coaches,,125,inserted (gap-fill)
2022,Punjab,Bahawalpur,R.Y.Khan,Mini Buses/Buses/Flying/Luxury Coaches,,1166,inserted (gap-fill)
2017,Punjab,D.G.Khan,Rajanpur,Mini Buses/Buses/Flying/Luxury Coaches,187.0,106,corrected
2022,Punjab,D.G.Khan,Rajanpur,Mini Buses/Buses/Flying/Luxury Coaches,,99,inserted (gap-fill)
2017,Punjab,Rawalpindi,Rawalpindi,Mini Buses/Buses/Flying/Luxury Coaches,23800.0,15329,corrected
2022,Punjab,Rawalpindi,Rawalpindi,Mini Buses/Buses/Flying/Luxury Coaches,,14506,inserted (gap-fill)
2022,Punjab,Multan,Sahiwal,Mini Buses/Buses/Flying/Luxury Coaches,,540,inserted (gap-fill)
2022,Punjab,Sargodha,Sargodha,Mini Buses/Buses/Flying/Luxury Coaches,,1823,inserted (gap-fill)
2022,Punjab,Lahore,Sheikhupura,Mini Buses/Buses/Flying/Luxury Coaches,,486,inserted (gap-fill)
2017,Punjab,Gujranwala,Sialkot,Mini Buses/Buses/Flying/Luxury Coaches,4409.0,2476,corrected
2022,Punjab,Gujranwala,Sialkot,Mini Buses/Buses/Flying/Luxury Coaches,,2046,inserted (gap-fill)
2017,Punjab,Faisalabad,T.T.Singh,Mini Buses/Buses/Flying/Luxury Coaches,1206.0,634,corrected
2022,Punjab,Faisalabad,T.T.Singh,Mini Buses/Buses/Flying/Luxury Coaches,,192,inserted (gap-fill)
2017,Punjab,Multan,Vehari,Mini Buses/Buses/Flying/Luxury Coaches,1445.0,822,corrected
2022,Punjab,Multan,Vehari,Mini Buses/Buses/Flying/Luxury Coaches,,319,inserted (gap-fill)
2022,Punjab,Rawalpindi,Attock,Motor Cars/Jeeps/Station Wagons,,12749,inserted (gap-fill)
2022,Punjab,Bahawalpur,Bahawalnagar,Motor Cars/Jeeps/Station Wagons,,2880,inserted (gap-fill)
2022,Punjab,Bahawalpur,Bahawalpur,Motor Cars/Jeeps/Station Wagons,,23132,inserted (gap-fill)
2022,Punjab,Sargodha,Bhakkar,Motor Cars/Jeeps/Station Wagons,,1092,inserted (gap-fill)
2022,Punjab,Rawalpindi,Chakwal,Motor Cars/Jeeps/Station Wagons,,1822,inserted (gap-fill)
2022,Punjab,Faisalabad,Chiniot,Motor Cars/Jeeps/Station Wagons,,994,inserted (gap-fill)
2022,Punjab,D.G.Khan,D.G.Khan,Motor Cars/Jeeps/Station Wagons,,6440,inserted (gap-fill)
2022,Punjab,Faisalabad,Faisalabad,Motor Cars/Jeeps/Station Wagons,,77554,inserted (gap-fill)
2022,Punjab,Gujranwala,Gujranwala,Motor Cars/Jeeps/Station Wagons,,20806,inserted (gap-fill)
2022,Punjab,Gujranwala,Gujrat,Motor Cars/Jeeps/Station Wagons,,5754,inserted (gap-fill)
2022,Punjab,Gujranwala,Hafizabad,Motor Cars/Jeeps/Station Wagons,,1228,inserted (gap-fill)
2022,Punjab,Faisalabad,Jhang,Motor Cars/Jeeps/Station Wagons,,2673,inserted (gap-fill)
2022,Punjab,Rawalpindi,Jhelum,Motor Cars/Jeeps/Station Wagons,,6711,inserted (gap-fill)
2022,Punjab,Lahore,Kasur,Motor Cars/Jeeps/Station Wagons,,965,inserted (gap-fill)
2022,Punjab,Multan,Khanewal,Motor Cars/Jeeps/Station Wagons,,2568,inserted (gap-fill)
2022,Punjab,Sargodha,Khushab,Motor Cars/Jeeps/Station Wagons,,1018,inserted (gap-fill)
2022,Punjab,Lahore,Lahore,Motor Cars/Jeeps/Station Wagons,,1530302,inserted (gap-fill)
2022,Punjab,D.G.Khan,Layyah,Motor Cars/Jeeps/Station Wagons,,1781,inserted (gap-fill)
2022,Punjab,Multan,Lodhran,Motor Cars/Jeeps/Station Wagons,,3177,inserted (gap-fill)
2022,Punjab,Gujranwala,M.B.Din,Motor Cars/Jeeps/Station Wagons,,2278,inserted (gap-fill)
2022,Punjab,Sargodha,Mianwali,Motor Cars/Jeeps/Station Wagons,,1275,inserted (gap-fill)
2022,Punjab,Multan,Multan,Motor Cars/Jeeps/Station Wagons,,123734,inserted (gap-fill)
2022,Punjab,D.G.Khan,Muzaffargarh,Motor Cars/Jeeps/Station Wagons,,2392,inserted (gap-fill)
2022,Punjab,Lahore,Nankana Sahib,Motor Cars/Jeeps/Station Wagons,,427,inserted (gap-fill)
2022,Punjab,Gujranwala,Narowal,Motor Cars/Jeeps/Station Wagons,,454,inserted (gap-fill)
2022,Punjab,Lahore,Okara,Motor Cars/Jeeps/Station Wagons,,3333,inserted (gap-fill)
2022,Punjab,Multan,Pakpattan,Motor Cars/Jeeps/Station Wagons,,1150,inserted (gap-fill)
2022,Punjab,Bahawalpur,R.Y.Khan,Motor Cars/Jeeps/Station Wagons,,16582,inserted (gap-fill)
2022,Punjab,D.G.Khan,Rajanpur,Motor Cars/Jeeps/Station Wagons,,630,inserted (gap-fill)
2022,Punjab,Rawalpindi,Rawalpindi,Motor Cars/Jeeps/Station Wagons,,107048,inserted (gap-fill)
2022,Punjab,Multan,Sahiwal,Motor Cars/Jeeps/Station Wagons,,10498,inserted (gap-fill)
2022,Punjab,Sargodha,Sargodha,Motor Cars/Jeeps/Station Wagons,,8656,inserted (gap-fill)
2022,Punjab,Lahore,Sheikhupura,Motor Cars/Jeeps/Station Wagons,,2331,inserted (gap-fill)
2022,Punjab,Gujranwala,Sialkot,Motor Cars/Jeeps/Station Wagons,,29539,inserted (gap-fill)
2022,Punjab,Faisalabad,T.T.Singh,Motor Cars/Jeeps/Station Wagons,,1586,inserted (gap-fill)
2022,Punjab,Multan,Vehari,Motor Cars/Jeeps/Station Wagons,,4550,inserted (gap-fill)
2018,Punjab,Rawalpindi,Attock,Motor Cycles/Scooters,109047.0,115874,corrected
2022,Punjab,Rawalpindi,Attock,Motor Cycles/Scooters,,144086,inserted (gap-fill)
2022,Punjab,Bahawalpur,Bahawalnagar,Motor Cycles/Scooters,,393362,inserted (gap-fill)
2018,Punjab,Bahawalpur,Bahawalpur,Motor Cycles/Scooters,461101.0,490162,corrected
2022,Punjab,Bahawalpur,Bahawalpur,Motor Cycles/Scooters,,611794,inserted (gap-fill)
2018,Punjab,Sargodha,Bhakkar,Motor Cycles/Scooters,117395.0,127022,corrected
2022,Punjab,Sargodha,Bhakkar,Motor Cycles/Scooters,,158684,inserted (gap-fill)
2018,Punjab,Rawalpindi,Chakwal,Motor Cycles/Scooters,122434.0,130368,corrected
2022,Punjab,Rawalpindi,Chakwal,Motor Cycles/Scooters,,163979,inserted (gap-fill)
2018,Punjab,Faisalabad,Chiniot,Motor Cycles/Scooters,61265.0,67918,corrected
2022,Punjab,Faisalabad,Chiniot,Motor Cycles/Scooters,,101216,inserted (gap-fill)
2018,Punjab,D.G.Khan,D.G.Khan,Motor Cycles/Scooters,456252.0,489869,corrected
2022,Punjab,D.G.Khan,D.G.Khan,Motor Cycles/Scooters,,600749,inserted (gap-fill)
2018,Punjab,Faisalabad,Faisalabad,Motor Cycles/Scooters,1120119.0,1209772,corrected
2022,Punjab,Faisalabad,Faisalabad,Motor Cycles/Scooters,,1520809,inserted (gap-fill)
2018,Punjab,Gujranwala,Gujranwala,Motor Cycles/Scooters,658623.0,710210,corrected
2022,Punjab,Gujranwala,Gujranwala,Motor Cycles/Scooters,,900631,inserted (gap-fill)
2018,Punjab,Gujranwala,Gujrat,Motor Cycles/Scooters,349388.0,372850,corrected
2022,Punjab,Gujranwala,Gujrat,Motor Cycles/Scooters,,493040,inserted (gap-fill)
2018,Punjab,Gujranwala,Hafizabad,Motor Cycles/Scooters,80429.0,85400,corrected
2022,Punjab,Gujranwala,Hafizabad,Motor Cycles/Scooters,,126780,inserted (gap-fill)
2018,Punjab,Faisalabad,Jhang,Motor Cycles/Scooters,176862.0,190364,corrected
2022,Punjab,Faisalabad,Jhang,Motor Cycles/Scooters,,255438,inserted (gap-fill)
2018,Punjab,Rawalpindi,Jhelum,Motor Cycles/Scooters,184649.0,197026,corrected
2022,Punjab,Rawalpindi,Jhelum,Motor Cycles/Scooters,,251971,inserted (gap-fill)
2018,Punjab,Lahore,Kasur,Motor Cycles/Scooters,19529.0,20127,corrected
2022,Punjab,Lahore,Kasur,Motor Cycles/Scooters,,32546,inserted (gap-fill)
2018,Punjab,Multan,Khanewal,Motor Cycles/Scooters,205249.0,220882,corrected
2022,Punjab,Multan,Khanewal,Motor Cycles/Scooters,,291072,inserted (gap-fill)
2018,Punjab,Sargodha,Khushab,Motor Cycles/Scooters,99807.0,106670,corrected
2022,Punjab,Sargodha,Khushab,Motor Cycles/Scooters,,137825,inserted (gap-fill)
2018,Punjab,Lahore,Lahore,Motor Cycles/Scooters,3706449.0,3909108,corrected
2022,Punjab,Lahore,Lahore,Motor Cycles/Scooters,,4720926,inserted (gap-fill)
2018,Punjab,D.G.Khan,Layyah,Motor Cycles/Scooters,149234.0,160268,corrected
2022,Punjab,D.G.Khan,Layyah,Motor Cycles/Scooters,,200505,inserted (gap-fill)
2018,Punjab,Multan,Lodhran,Motor Cycles/Scooters,56042.0,59254,corrected
2022,Punjab,Multan,Lodhran,Motor Cycles/Scooters,,79268,inserted (gap-fill)
2018,Punjab,Gujranwala,M.B.Din,Motor Cycles/Scooters,131489.0,139259,corrected
2022,Punjab,Gujranwala,M.B.Din,Motor Cycles/Scooters,,176173,inserted (gap-fill)
2018,Punjab,Sargodha,Mianwali,Motor Cycles/Scooters,149195.0,162112,corrected
2022,Punjab,Sargodha,Mianwali,Motor Cycles/Scooters,,204228,inserted (gap-fill)
2018,Punjab,Multan,Multan,Motor Cycles/Scooters,1028851.0,1104695,corrected
2022,Punjab,Multan,Multan,Motor Cycles/Scooters,,1395757,inserted (gap-fill)
2018,Punjab,D.G.Khan,Muzaffargarh,Motor Cycles/Scooters,119270.0,128905,corrected
2022,Punjab,D.G.Khan,Muzaffargarh,Motor Cycles/Scooters,,169295,inserted (gap-fill)
2018,Punjab,Lahore,Nankana Sahib,Motor Cycles/Scooters,28893.0,29758,corrected
2022,Punjab,Lahore,Nankana Sahib,Motor Cycles/Scooters,,40562,inserted (gap-fill)
2018,Punjab,Gujranwala,Narowal,Motor Cycles/Scooters,41028.0,43786,corrected
2022,Punjab,Gujranwala,Narowal,Motor Cycles/Scooters,,68374,inserted (gap-fill)
2018,Punjab,Sahiwal,Okara,Motor Cycles/Scooters,270167.0,286860,corrected
2022,Punjab,Lahore,Okara,Motor Cycles/Scooters,,346506,inserted (gap-fill)
2018,Punjab,Sahiwal,Pakpattan,Motor Cycles/Scooters,93103.0,99234,corrected
2022,Punjab,Multan,Pakpattan,Motor Cycles/Scooters,,129308,inserted (gap-fill)
2018,Punjab,Bahawalpur,R.Y.Khan,Motor Cycles/Scooters,638460.0,682585,corrected
2022,Punjab,Bahawalpur,R.Y.Khan,Motor Cycles/Scooters,,848186,inserted (gap-fill)
2018,Punjab,D.G.Khan,Rajanpur,Motor Cycles/Scooters,24834.0,25522,corrected
2022,Punjab,D.G.Khan,Rajanpur,Motor Cycles/Scooters,,34170,inserted (gap-fill)
2018,Punjab,Rawalpindi,Rawalpindi,Motor Cycles/Scooters,697761.0,762394,corrected
2022,Punjab,Rawalpindi,Rawalpindi,Motor Cycles/Scooters,,951450,inserted (gap-fill)
2018,Punjab,Sahiwal,Sahiwal,Motor Cycles/Scooters,349375.0,370700,corrected
2022,Punjab,Multan,Sahiwal,Motor Cycles/Scooters,,458182,inserted (gap-fill)
2018,Punjab,Sargodha,Sargodha,Motor Cycles/Scooters,408024.0,438517,corrected
2022,Punjab,Sargodha,Sargodha,Motor Cycles/Scooters,,540563,inserted (gap-fill)
2018,Punjab,Lahore,Sheikhupura,Motor Cycles/Scooters,28798.0,29751,corrected
2022,Punjab,Lahore,Sheikhupura,Motor Cycles/Scooters,,56804,inserted (gap-fill)
2018,Punjab,Gujranwala,Sialkot,Motor Cycles/Scooters,527616.0,569270,corrected
2022,Punjab,Gujranwala,Sialkot,Motor Cycles/Scooters,,726743,inserted (gap-fill)
2018,Punjab,Faisalabad,T.T.Singh,Motor Cycles/Scooters,173795.0,187134,corrected
2022,Punjab,Faisalabad,T.T.Singh,Motor Cycles/Scooters,,236400,inserted (gap-fill)
2018,Punjab,Multan,Vehari,Motor Cycles/Scooters,302082.0,322986,corrected
2022,Punjab,Multan,Vehari,Motor Cycles/Scooters,,399429,inserted (gap-fill)
2018,Punjab,Rawalpindi,Attock,Other Vehicles,70.0,72,corrected
2022,Punjab,Rawalpindi,Attock,Other Vehicles,,80,inserted (gap-fill)
2017,Punjab,Bahawalpur,Bahawalnagar,Other Vehicles,24.0,82,corrected
2022,Punjab,Bahawalpur,Bahawalnagar,Other Vehicles,,25,inserted (gap-fill)
2022,Punjab,Bahawalpur,Bahawalpur,Other Vehicles,,52,inserted (gap-fill)
2017,Punjab,Sargodha,Bhakkar,Other Vehicles,12.0,22,corrected
2022,Punjab,Sargodha,Bhakkar,Other Vehicles,,10,inserted (gap-fill)
2022,Punjab,Rawalpindi,Chakwal,Other Vehicles,,28,inserted (gap-fill)
2018,Punjab,Faisalabad,Chiniot,Other Vehicles,11.0,12,corrected
2022,Punjab,Faisalabad,Chiniot,Other Vehicles,,13,inserted (gap-fill)
2017,Punjab,D.G.Khan,D.G.Khan,Other Vehicles,58.0,122,corrected
2022,Punjab,D.G.Khan,D.G.Khan,Other Vehicles,,60,inserted (gap-fill)
2022,Punjab,Faisalabad,Faisalabad,Other Vehicles,,170,inserted (gap-fill)
2022,Punjab,Gujranwala,Gujranwala,Other Vehicles,,694,inserted (gap-fill)
2022,Punjab,Gujranwala,Gujrat,Other Vehicles,,69,inserted (gap-fill)
2017,Punjab,Gujranwala,Hafizabad,Other Vehicles,10.0,20,corrected
2022,Punjab,Gujranwala,Hafizabad,Other Vehicles,,9,inserted (gap-fill)
2017,Punjab,Faisalabad,Jhang,Other Vehicles,23.0,139,corrected
2018,Punjab,Faisalabad,Jhang,Other Vehicles,23.0,24,corrected
2022,Punjab,Faisalabad,Jhang,Other Vehicles,,24,inserted (gap-fill)
2017,Punjab,Rawalpindi,Jhelum,Other Vehicles,39.0,90,corrected
2022,Punjab,Rawalpindi,Jhelum,Other Vehicles,,40,inserted (gap-fill)
2022,Punjab,Lahore,Kasur,Other Vehicles,,32,inserted (gap-fill)
2022,Punjab,Multan,Khanewal,Other Vehicles,,17,inserted (gap-fill)
2022,Punjab,Sargodha,Khushab,Other Vehicles,,21,inserted (gap-fill)
2017,Punjab,Lahore,Lahore,Other Vehicles,4931.0,13100,corrected
2022,Punjab,Lahore,Lahore,Other Vehicles,,6012,inserted (gap-fill)
2017,Punjab,D.G.Khan,Layyah,Other Vehicles,32.0,86,corrected
2022,Punjab,D.G.Khan,Layyah,Other Vehicles,,32,inserted (gap-fill)
2022,Punjab,Multan,Lodhran,Other Vehicles,,17,inserted (gap-fill)
2018,Punjab,Gujranwala,M.B.Din,Other Vehicles,27.0,28,corrected
2022,Punjab,Gujranwala,M.B.Din,Other Vehicles,,29,inserted (gap-fill)
2017,Punjab,Sargodha,Mianwali,Other Vehicles,35.0,78,corrected
2022,Punjab,Sargodha,Mianwali,Other Vehicles,,44,inserted (gap-fill)
2022,Punjab,Multan,Multan,Other Vehicles,,151,inserted (gap-fill)
2022,Punjab,D.G.Khan,Muzaffargarh,Other Vehicles,,34,inserted (gap-fill)
2022,Punjab,Lahore,Nankana Sahib,Other Vehicles,,18,inserted (gap-fill)
2018,Punjab,Gujranwala,Narowal,Other Vehicles,15.0,16,corrected
2022,Punjab,Gujranwala,Narowal,Other Vehicles,,17,inserted (gap-fill)
2018,Punjab,Sahiwal,Okara,Other Vehicles,46.0,47,corrected
2022,Punjab,Lahore,Okara,Other Vehicles,,46,inserted (gap-fill)
2022,Punjab,Multan,Pakpattan,Other Vehicles,,23,inserted (gap-fill)
2018,Punjab,Bahawalpur,R.Y.Khan,Other Vehicles,69.0,70,corrected
2022,Punjab,Bahawalpur,R.Y.Khan,Other Vehicles,,66,inserted (gap-fill)
2022,Punjab,D.G.Khan,Rajanpur,Other Vehicles,,26,inserted (gap-fill)
2022,Punjab,Rawalpindi,Rawalpindi,Other Vehicles,,478,inserted (gap-fill)
2017,Punjab,Sahiwal,Sahiwal,Other Vehicles,43.0,66,corrected
2022,Punjab,Multan,Sahiwal,Other Vehicles,,40,inserted (gap-fill)
2022,Punjab,Sargodha,Sargodha,Other Vehicles,,74,inserted (gap-fill)
2022,Punjab,Lahore,Sheikhupura,Other Vehicles,,45,inserted (gap-fill)
2022,Punjab,Gujranwala,Sialkot,Other Vehicles,,62,inserted (gap-fill)
2022,Punjab,Faisalabad,T.T.Singh,Other Vehicles,,17,inserted (gap-fill)
2017,Punjab,Multan,Vehari,Other Vehicles,21.0,80,corrected
2022,Punjab,Multan,Vehari,Other Vehicles,,8,inserted (gap-fill)
2015,Punjab,Rawalpindi,Attock,Pickups/Delivery Vans,805.0,6098,corrected
2018,Punjab,Rawalpindi,Attock,Pickups/Delivery Vans,7028.0,7166,corrected
2022,Punjab,Rawalpindi,Attock,Pickups/Delivery Vans,,5468,inserted (gap-fill)
2015,Punjab,Bahawalpur,Bahawalnagar,Pickups/Delivery Vans,105.0,363,corrected
2018,Punjab,Bahawalpur,Bahawalnagar,Pickups/Delivery Vans,2983.0,3324,corrected
2022,Punjab,Bahawalpur,Bahawalnagar,Pickups/Delivery Vans,,1962,inserted (gap-fill)
2015,Punjab,Bahawalpur,Bahawalpur,Pickups/Delivery Vans,723.0,3984,corrected
2018,Punjab,Bahawalpur,Bahawalpur,Pickups/Delivery Vans,4877.0,4962,corrected
2022,Punjab,Bahawalpur,Bahawalpur,Pickups/Delivery Vans,,4739,inserted (gap-fill)
2018,Punjab,Sargodha,Bhakkar,Pickups/Delivery Vans,2175.0,2202,corrected
2022,Punjab,Sargodha,Bhakkar,Pickups/Delivery Vans,,752,inserted (gap-fill)
2018,Punjab,Rawalpindi,Chakwal,Pickups/Delivery Vans,4227.0,4284,corrected
2022,Punjab,Rawalpindi,Chakwal,Pickups/Delivery Vans,,2284,inserted (gap-fill)
2015,Punjab,Faisalabad,Chiniot,Pickups/Delivery Vans,270.0,397,corrected
2018,Punjab,Faisalabad,Chiniot,Pickups/Delivery Vans,1684.0,1698,corrected
2022,Punjab,Faisalabad,Chiniot,Pickups/Delivery Vans,,1336,inserted (gap-fill)
2018,Punjab,D.G.Khan,D.G.Khan,Pickups/Delivery Vans,3070.0,3086,corrected
2022,Punjab,D.G.Khan,D.G.Khan,Pickups/Delivery Vans,,1904,inserted (gap-fill)
2018,Punjab,Faisalabad,Faisalabad,Pickups/Delivery Vans,15511.0,15766,corrected
2022,Punjab,Faisalabad,Faisalabad,Pickups/Delivery Vans,,17170,inserted (gap-fill)
2018,Punjab,Gujranwala,Gujranwala,Pickups/Delivery Vans,8745.0,8910,corrected
2022,Punjab,Gujranwala,Gujranwala,Pickups/Delivery Vans,,8202,inserted (gap-fill)
2015,Punjab,Gujranwala,Gujrat,Pickups/Delivery Vans,1099.0,2575,corrected
2018,Punjab,Gujranwala,Gujrat,Pickups/Delivery Vans,5281.0,5573,corrected
2022,Punjab,Gujranwala,Gujrat,Pickups/Delivery Vans,,3519,inserted (gap-fill)
2015,Punjab,Gujranwala,Hafizabad,Pickups/Delivery Vans,9.0,264,corrected
2022,Punjab,Gujranwala,Hafizabad,Pickups/Delivery Vans,,447,inserted (gap-fill)
2018,Punjab,Faisalabad,Jhang,Pickups/Delivery Vans,1805.0,1846,corrected
2022,Punjab,Faisalabad,Jhang,Pickups/Delivery Vans,,1322,inserted (gap-fill)
2018,Punjab,Rawalpindi,Jhelum,Pickups/Delivery Vans,3230.0,3530,corrected
2022,Punjab,Rawalpindi,Jhelum,Pickups/Delivery Vans,,2941,inserted (gap-fill)
2015,Punjab,Lahore,Kasur,Pickups/Delivery Vans,253.0,633,corrected
2018,Punjab,Lahore,Kasur,Pickups/Delivery Vans,2115.0,2292,corrected
2022,Punjab,Lahore,Kasur,Pickups/Delivery Vans,,1449,inserted (gap-fill)
2018,Punjab,Multan,Khanewal,Pickups/Delivery Vans,2072.0,2114,corrected
2022,Punjab,Multan,Khanewal,Pickups/Delivery Vans,,466,inserted (gap-fill)
2018,Punjab,Sargodha,Khushab,Pickups/Delivery Vans,1826.0,1864,corrected
2022,Punjab,Sargodha,Khushab,Pickups/Delivery Vans,,832,inserted (gap-fill)
2015,Punjab,Lahore,Lahore,Pickups/Delivery Vans,36265.0,93667,corrected
2018,Punjab,Lahore,Lahore,Pickups/Delivery Vans,87059.0,89966,corrected
2022,Punjab,Lahore,Lahore,Pickups/Delivery Vans,,125804,inserted (gap-fill)
2015,Punjab,D.G.Khan,Layyah,Pickups/Delivery Vans,46.0,398,corrected
2018,Punjab,D.G.Khan,Layyah,Pickups/Delivery Vans,2080.0,2094,corrected
2022,Punjab,D.G.Khan,Layyah,Pickups/Delivery Vans,,605,inserted (gap-fill)
2015,Punjab,Multan,Lodhran,Pickups/Delivery Vans,59.0,140,corrected
2018,Punjab,Multan,Lodhran,Pickups/Delivery Vans,689.0,730,corrected
2022,Punjab,Multan,Lodhran,Pickups/Delivery Vans,,569,inserted (gap-fill)
2018,Punjab,Gujranwala,M.B.Din,Pickups/Delivery Vans,1934.0,1941,corrected
2022,Punjab,Gujranwala,M.B.Din,Pickups/Delivery Vans,,1436,inserted (gap-fill)
2018,Punjab,Sargodha,Mianwali,Pickups/Delivery Vans,4194.0,4366,corrected
2022,Punjab,Sargodha,Mianwali,Pickups/Delivery Vans,,3284,inserted (gap-fill)
2015,Punjab,Multan,Multan,Pickups/Delivery Vans,4474.0,14032,corrected
2018,Punjab,Multan,Multan,Pickups/Delivery Vans,12854.0,13590,corrected
2022,Punjab,Multan,Multan,Pickups/Delivery Vans,,21404,inserted (gap-fill)
2018,Punjab,D.G.Khan,Muzaffargarh,Pickups/Delivery Vans,1613.0,1615,corrected
2022,Punjab,D.G.Khan,Muzaffargarh,Pickups/Delivery Vans,,624,inserted (gap-fill)
2015,Punjab,Lahore,Nankana Sahib,Pickups/Delivery Vans,24.0,44,corrected
2018,Punjab,Lahore,Nankana Sahib,Pickups/Delivery Vans,749.0,752,corrected
2022,Punjab,Lahore,Nankana Sahib,Pickups/Delivery Vans,,128,inserted (gap-fill)
2015,Punjab,Gujranwala,Narowal,Pickups/Delivery Vans,4.0,222,corrected
2018,Punjab,Gujranwala,Narowal,Pickups/Delivery Vans,895.0,974,corrected
2022,Punjab,Gujranwala,Narowal,Pickups/Delivery Vans,,332,inserted (gap-fill)
2018,Punjab,Sahiwal,Okara,Pickups/Delivery Vans,2554.0,2862,corrected
2022,Punjab,Lahore,Okara,Pickups/Delivery Vans,,1490,inserted (gap-fill)
2015,Punjab,Sahiwal,Pakpattan,Pickups/Delivery Vans,37.0,240,corrected
2018,Punjab,Sahiwal,Pakpattan,Pickups/Delivery Vans,1010.0,1180,corrected
2022,Punjab,Multan,Pakpattan,Pickups/Delivery Vans,,494,inserted (gap-fill)
2015,Punjab,Bahawalpur,R.Y.Khan,Pickups/Delivery Vans,913.0,4295,corrected
2018,Punjab,Bahawalpur,R.Y.Khan,Pickups/Delivery Vans,4062.0,4134,corrected
2022,Punjab,Bahawalpur,R.Y.Khan,Pickups/Delivery Vans,,3949,inserted (gap-fill)
2015,Punjab,D.G.Khan,Rajanpur,Pickups/Delivery Vans,31.0,296,corrected
2018,Punjab,D.G.Khan,Rajanpur,Pickups/Delivery Vans,482.0,486,corrected
2022,Punjab,D.G.Khan,Rajanpur,Pickups/Delivery Vans,,344,inserted (gap-fill)
2018,Punjab,Rawalpindi,Rawalpindi,Pickups/Delivery Vans,49480.0,52363,corrected
2022,Punjab,Rawalpindi,Rawalpindi,Pickups/Delivery Vans,,58008,inserted (gap-fill)
2018,Punjab,Sahiwal,Sahiwal,Pickups/Delivery Vans,3791.0,3892,corrected
2022,Punjab,Multan,Sahiwal,Pickups/Delivery Vans,,2869,inserted (gap-fill)
2018,Punjab,Sargodha,Sargodha,Pickups/Delivery Vans,5712.0,5971,corrected
2022,Punjab,Sargodha,Sargodha,Pickups/Delivery Vans,,4334,inserted (gap-fill)
2018,Punjab,Lahore,Sheikhupura,Pickups/Delivery Vans,2036.0,2044,corrected
2022,Punjab,Lahore,Sheikhupura,Pickups/Delivery Vans,,994,inserted (gap-fill)
2018,Punjab,Gujranwala,Sialkot,Pickups/Delivery Vans,6688.0,7356,corrected
2022,Punjab,Gujranwala,Sialkot,Pickups/Delivery Vans,,7680,inserted (gap-fill)
2018,Punjab,Faisalabad,T.T.Singh,Pickups/Delivery Vans,1926.0,1986,corrected
2022,Punjab,Faisalabad,T.T.Singh,Pickups/Delivery Vans,,561,inserted (gap-fill)
2015,Punjab,Multan,Vehari,Pickups/Delivery Vans,177.0,515,corrected
2018,Punjab,Multan,Vehari,Pickups/Delivery Vans,2570.0,2594,corrected
2022,Punjab,Multan,Vehari,Pickups/Delivery Vans,,656,inserted (gap-fill)
2022,Punjab,Rawalpindi,Attock,Taxis,,487,inserted (gap-fill)
2022,Punjab,Bahawalpur,Bahawalnagar,Taxis,,353,inserted (gap-fill)
2022,Punjab,Bahawalpur,Bahawalpur,Taxis,,3168,inserted (gap-fill)
2022,Punjab,Sargodha,Bhakkar,Taxis,,84,inserted (gap-fill)
2022,Punjab,Rawalpindi,Chakwal,Taxis,,105,inserted (gap-fill)
2022,Punjab,Faisalabad,Chiniot,Taxis,,10,inserted (gap-fill)
2022,Punjab,D.G.Khan,D.G.Khan,Taxis,,1530,inserted (gap-fill)
2022,Punjab,Faisalabad,Faisalabad,Taxis,,5056,inserted (gap-fill)
2022,Punjab,Gujranwala,Gujranwala,Taxis,,3456,inserted (gap-fill)
2022,Punjab,Gujranwala,Gujrat,Taxis,,442,inserted (gap-fill)
2022,Punjab,Gujranwala,Hafizabad,Taxis,,204,inserted (gap-fill)
2022,Punjab,Faisalabad,Jhang,Taxis,,435,inserted (gap-fill)
2022,Punjab,Rawalpindi,Jhelum,Taxis,,295,inserted (gap-fill)
2022,Punjab,Lahore,Kasur,Taxis,,274,inserted (gap-fill)
2022,Punjab,Multan,Khanewal,Taxis,,368,inserted (gap-fill)
2022,Punjab,Sargodha,Khushab,Taxis,,20,inserted (gap-fill)
2018,Punjab,Lahore,Lahore,Taxis,16349.0,16397,corrected
2022,Punjab,Lahore,Lahore,Taxis,,27686,inserted (gap-fill)
2022,Punjab,D.G.Khan,Layyah,Taxis,,134,inserted (gap-fill)
2022,Punjab,Multan,Lodhran,Taxis,,356,inserted (gap-fill)
2022,Punjab,Gujranwala,M.B.Din,Taxis,,220,inserted (gap-fill)
2022,Punjab,Sargodha,Mianwali,Taxis,,262,inserted (gap-fill)
2018,Punjab,Multan,Multan,Taxis,4526.0,4529,corrected
2022,Punjab,Multan,Multan,Taxis,,10710,inserted (gap-fill)
2022,Punjab,D.G.Khan,Muzaffargarh,Taxis,,147,inserted (gap-fill)
2022,Punjab,Lahore,Nankana Sahib,Taxis,,1,inserted (gap-fill)
2022,Punjab,Gujranwala,Narowal,Taxis,,1,inserted (gap-fill)
2018,Punjab,Sahiwal,Okara,Taxis,885.0,886,corrected
2022,Punjab,Lahore,Okara,Taxis,,166,inserted (gap-fill)
2022,Punjab,Multan,Pakpattan,Taxis,,9,inserted (gap-fill)
2022,Punjab,Bahawalpur,R.Y.Khan,Taxis,,426,inserted (gap-fill)
2022,Punjab,D.G.Khan,Rajanpur,Taxis,,192,inserted (gap-fill)
2022,Punjab,Rawalpindi,Rawalpindi,Taxis,,8145,inserted (gap-fill)
2018,Punjab,Sahiwal,Sahiwal,Taxis,1585.0,1588,corrected
2022,Punjab,Multan,Sahiwal,Taxis,,1962,inserted (gap-fill)
2022,Punjab,Sargodha,Sargodha,Taxis,,1843,inserted (gap-fill)
2022,Punjab,Lahore,Sheikhupura,Taxis,,342,inserted (gap-fill)
2022,Punjab,Gujranwala,Sialkot,Taxis,,450,inserted (gap-fill)
2022,Punjab,Faisalabad,T.T.Singh,Taxis,,125,inserted (gap-fill)
2018,Punjab,Multan,Vehari,Taxis,1190.0,1193,corrected
2022,Punjab,Multan,Vehari,Taxis,,802,inserted (gap-fill)
2018,Punjab,Rawalpindi,Attock,Tractors,10339.0,10542,corrected
2022,Punjab,Rawalpindi,Attock,Tractors,,11518,inserted (gap-fill)
2017,Punjab,Bahawalpur,Bahawalnagar,Tractors,18243.0,29812,corrected
2018,Punjab,Bahawalpur,Bahawalnagar,Tractors,18243.0,24991,corrected
2022,Punjab,Bahawalpur,Bahawalnagar,Tractors,,23642,inserted (gap-fill)
2017,Punjab,Bahawalpur,Bahawalpur,Tractors,12180.0,22961,corrected
2018,Punjab,Bahawalpur,Bahawalpur,Tractors,12180.0,18157,corrected
2022,Punjab,Bahawalpur,Bahawalpur,Tractors,,14820,inserted (gap-fill)
2018,Punjab,Sargodha,Bhakkar,Tractors,8380.0,8700,corrected
2022,Punjab,Sargodha,Bhakkar,Tractors,,9772,inserted (gap-fill)
2017,Punjab,Rawalpindi,Chakwal,Tractors,5818.0,7699,corrected
2018,Punjab,Rawalpindi,Chakwal,Tractors,5818.0,7126,corrected
2022,Punjab,Rawalpindi,Chakwal,Tractors,,8178,inserted (gap-fill)
2018,Punjab,Faisalabad,Chiniot,Tractors,1949.0,2018,corrected
2022,Punjab,Faisalabad,Chiniot,Tractors,,1709,inserted (gap-fill)
2017,Punjab,D.G.Khan,D.G.Khan,Tractors,21548.0,57071,corrected
2018,Punjab,D.G.Khan,D.G.Khan,Tractors,21548.0,40159,corrected
2022,Punjab,D.G.Khan,D.G.Khan,Tractors,,26988,inserted (gap-fill)
2017,Punjab,Faisalabad,Faisalabad,Tractors,13565.0,25428,corrected
2018,Punjab,Faisalabad,Faisalabad,Tractors,13565.0,19748,corrected
2022,Punjab,Faisalabad,Faisalabad,Tractors,,14078,inserted (gap-fill)
2017,Punjab,Gujranwala,Gujranwala,Tractors,18625.0,27794,corrected
2018,Punjab,Gujranwala,Gujranwala,Tractors,18625.0,23418,corrected
2022,Punjab,Gujranwala,Gujranwala,Tractors,,20025,inserted (gap-fill)
2017,Punjab,Gujranwala,Gujrat,Tractors,8803.0,16597,corrected
2018,Punjab,Gujranwala,Gujrat,Tractors,8803.0,12958,corrected
2022,Punjab,Gujranwala,Gujrat,Tractors,,10807,inserted (gap-fill)
2017,Punjab,Gujranwala,Hafizabad,Tractors,3396.0,5303,corrected
2018,Punjab,Gujranwala,Hafizabad,Tractors,3396.0,4504,corrected
2022,Punjab,Gujranwala,Hafizabad,Tractors,,4498,inserted (gap-fill)
2017,Punjab,Faisalabad,Jhang,Tractors,10366.0,21589,corrected
2018,Punjab,Faisalabad,Jhang,Tractors,10366.0,16253,corrected
2022,Punjab,Faisalabad,Jhang,Tractors,,12723,inserted (gap-fill)
2017,Punjab,Rawalpindi,Jhelum,Tractors,4354.0,6232,corrected
2018,Punjab,Rawalpindi,Jhelum,Tractors,4354.0,5492,corrected
2022,Punjab,Rawalpindi,Jhelum,Tractors,,5642,inserted (gap-fill)
2017,Punjab,Lahore,Kasur,Tractors,16996.0,27226,corrected
2018,Punjab,Lahore,Kasur,Tractors,16996.0,22292,corrected
2022,Punjab,Lahore,Kasur,Tractors,,18660,inserted (gap-fill)
2017,Punjab,Multan,Khanewal,Tractors,11439.0,20878,corrected
2018,Punjab,Multan,Khanewal,Tractors,11439.0,16446,corrected
2022,Punjab,Multan,Khanewal,Tractors,,12346,inserted (gap-fill)
2017,Punjab,Sargodha,Khushab,Tractors,6735.0,12015,corrected
2018,Punjab,Sargodha,Khushab,Tractors,6735.0,9565,corrected
2022,Punjab,Sargodha,Khushab,Tractors,,7092,inserted (gap-fill)
2018,Punjab,Lahore,Lahore,Tractors,53915.0,55054,corrected
2022,Punjab,Lahore,Lahore,Tractors,,60451,inserted (gap-fill)
2018,Punjab,D.G.Khan,Layyah,Tractors,11526.0,12035,corrected
2022,Punjab,D.G.Khan,Layyah,Tractors,,13894,inserted (gap-fill)
2017,Punjab,Multan,Lodhran,Tractors,6619.0,11878,corrected
2018,Punjab,Multan,Lodhran,Tractors,6619.0,9455,corrected
2022,Punjab,Multan,Lodhran,Tractors,,8020,inserted (gap-fill)
2018,Punjab,Gujranwala,M.B.Din,Tractors,6044.0,6280,corrected
2022,Punjab,Gujranwala,M.B.Din,Tractors,,7332,inserted (gap-fill)
2018,Punjab,Sargodha,Mianwali,Tractors,8862.0,9082,corrected
2022,Punjab,Sargodha,Mianwali,Tractors,,9773,inserted (gap-fill)
2017,Punjab,Multan,Multan,Tractors,17008.0,39080,corrected
2018,Punjab,Multan,Multan,Tractors,17008.0,28603,corrected
2022,Punjab,Multan,Multan,Tractors,,20816,inserted (gap-fill)
2017,Punjab,D.G.Khan,Muzaffargarh,Tractors,9557.0,18025,corrected
2018,Punjab,D.G.Khan,Muzaffargarh,Tractors,9557.0,14057,corrected
2022,Punjab,D.G.Khan,Muzaffargarh,Tractors,,11373,inserted (gap-fill)
2018,Punjab,Lahore,Nankana Sahib,Tractors,1958.0,1989,corrected
2022,Punjab,Lahore,Nankana Sahib,Tractors,,2276,inserted (gap-fill)
2018,Punjab,Gujranwala,Narowal,Tractors,9357.0,9622,corrected
2022,Punjab,Gujranwala,Narowal,Tractors,,11035,inserted (gap-fill)
2017,Punjab,Sahiwal,Okara,Tractors,12991.0,21547,corrected
2018,Punjab,Sahiwal,Okara,Tractors,12991.0,17609,corrected
2022,Punjab,Lahore,Okara,Tractors,,15618,inserted (gap-fill)
2018,Punjab,Sahiwal,Pakpattan,Tractors,9995.0,10255,corrected
2022,Punjab,Multan,Pakpattan,Tractors,,11050,inserted (gap-fill)
2017,Punjab,Bahawalpur,R.Y.Khan,Tractors,23696.0,38582,corrected
2018,Punjab,Bahawalpur,R.Y.Khan,Tractors,23696.0,32120,corrected
2022,Punjab,Bahawalpur,R.Y.Khan,Tractors,,28072,inserted (gap-fill)
2018,Punjab,D.G.Khan,Rajanpur,Tractors,3046.0,3264,corrected
2022,Punjab,D.G.Khan,Rajanpur,Tractors,,4034,inserted (gap-fill)
2018,Punjab,Rawalpindi,Rawalpindi,Tractors,3930.0,4038,corrected
2022,Punjab,Rawalpindi,Rawalpindi,Tractors,,3992,inserted (gap-fill)
2017,Punjab,Sahiwal,Sahiwal,Tractors,30114.0,47611,corrected
2018,Punjab,Sahiwal,Sahiwal,Tractors,30114.0,39364,corrected
2022,Punjab,Multan,Sahiwal,Tractors,,35249,inserted (gap-fill)
2017,Punjab,Sargodha,Sargodha,Tractors,17439.0,28358,corrected
2018,Punjab,Sargodha,Sargodha,Tractors,17439.0,23278,corrected
2022,Punjab,Sargodha,Sargodha,Tractors,,18816,inserted (gap-fill)
2017,Punjab,Lahore,Sheikhupura,Tractors,10825.0,21850,corrected
2018,Punjab,Lahore,Sheikhupura,Tractors,10825.0,16641,corrected
2022,Punjab,Lahore,Sheikhupura,Tractors,,13879,inserted (gap-fill)
2017,Punjab,Gujranwala,Sialkot,Tractors,10329.0,21682,corrected
2018,Punjab,Gujranwala,Sialkot,Tractors,10329.0,16353,corrected
2022,Punjab,Gujranwala,Sialkot,Tractors,,12758,inserted (gap-fill)
2018,Punjab,Faisalabad,T.T.Singh,Tractors,12626.0,12957,corrected
2022,Punjab,Faisalabad,T.T.Singh,Tractors,,13150,inserted (gap-fill)
2017,Punjab,Multan,Vehari,Tractors,16243.0,33150,corrected
2018,Punjab,Multan,Vehari,Tractors,16243.0,25064,corrected
2022,Punjab,Multan,Vehari,Tractors,,18704,inserted (gap-fill)
2015,Punjab,Rawalpindi,Attock,Trucks,6202.0,454,corrected
2018,Punjab,Rawalpindi,Attock,Trucks,1139.0,1140,corrected
2022,Punjab,Rawalpindi,Attock,Trucks,,1094,inserted (gap-fill)
2015,Punjab,Bahawalpur,Bahawalnagar,Trucks,353.0,78,corrected
2018,Punjab,Bahawalpur,Bahawalnagar,Trucks,799.0,800,corrected
2022,Punjab,Bahawalpur,Bahawalnagar,Trucks,,102,inserted (gap-fill)
2015,Punjab,Bahawalpur,Bahawalpur,Trucks,4310.0,504,corrected
2018,Punjab,Bahawalpur,Bahawalpur,Trucks,1561.0,1564,corrected
2022,Punjab,Bahawalpur,Bahawalpur,Trucks,,718,inserted (gap-fill)
2015,Punjab,Sargodha,Bhakkar,Trucks,51.0,33,corrected
2018,Punjab,Sargodha,Bhakkar,Trucks,219.0,220,corrected
2022,Punjab,Sargodha,Bhakkar,Trucks,,120,inserted (gap-fill)
2015,Punjab,Rawalpindi,Chakwal,Trucks,227.0,124,corrected
2018,Punjab,Rawalpindi,Chakwal,Trucks,759.0,760,corrected
2022,Punjab,Rawalpindi,Chakwal,Trucks,,128,inserted (gap-fill)
2018,Punjab,Faisalabad,Chiniot,Trucks,1176.0,1177,corrected
2022,Punjab,Faisalabad,Chiniot,Trucks,,82,inserted (gap-fill)
2015,Punjab,D.G.Khan,D.G.Khan,Trucks,412.0,250,corrected
2018,Punjab,D.G.Khan,D.G.Khan,Trucks,1089.0,1091,corrected
2022,Punjab,D.G.Khan,D.G.Khan,Trucks,,774,inserted (gap-fill)
2015,Punjab,Faisalabad,Faisalabad,Trucks,8441.0,4593,corrected
2018,Punjab,Faisalabad,Faisalabad,Trucks,8766.0,8811,corrected
2022,Punjab,Faisalabad,Faisalabad,Trucks,,5804,inserted (gap-fill)
2015,Punjab,Gujranwala,Gujranwala,Trucks,2516.0,1420,corrected
2018,Punjab,Gujranwala,Gujranwala,Trucks,1876.0,1888,corrected
2022,Punjab,Gujranwala,Gujranwala,Trucks,,1482,inserted (gap-fill)
2015,Punjab,Gujranwala,Gujrat,Trucks,3559.0,610,corrected
2018,Punjab,Gujranwala,Gujrat,Trucks,988.0,992,corrected
2022,Punjab,Gujranwala,Gujrat,Trucks,,822,inserted (gap-fill)
2015,Punjab,Gujranwala,Hafizabad,Trucks,267.0,6,corrected
2022,Punjab,Gujranwala,Hafizabad,Trucks,,108,inserted (gap-fill)
2018,Punjab,Faisalabad,Jhang,Trucks,1419.0,1420,corrected
2022,Punjab,Faisalabad,Jhang,Trucks,,1188,inserted (gap-fill)
2015,Punjab,Rawalpindi,Jhelum,Trucks,1586.0,958,corrected
2018,Punjab,Rawalpindi,Jhelum,Trucks,437.0,438,corrected
2022,Punjab,Rawalpindi,Jhelum,Trucks,,304,inserted (gap-fill)
2015,Punjab,Lahore,Kasur,Trucks,785.0,174,corrected
2022,Punjab,Lahore,Kasur,Trucks,,547,inserted (gap-fill)
2022,Punjab,Multan,Khanewal,Trucks,,90,inserted (gap-fill)
2018,Punjab,Sargodha,Khushab,Trucks,1702.0,1704,corrected
2022,Punjab,Sargodha,Khushab,Trucks,,520,inserted (gap-fill)
2015,Punjab,Lahore,Lahore,Trucks,130344.0,29042,corrected
2018,Punjab,Lahore,Lahore,Trucks,29424.0,30312,corrected
2022,Punjab,Lahore,Lahore,Trucks,,44095,inserted (gap-fill)
2015,Punjab,D.G.Khan,Layyah,Trucks,409.0,45,corrected
2022,Punjab,D.G.Khan,Layyah,Trucks,,110,inserted (gap-fill)
2015,Punjab,Multan,Lodhran,Trucks,139.0,42,corrected
2022,Punjab,Multan,Lodhran,Trucks,,256,inserted (gap-fill)
2022,Punjab,Gujranwala,M.B.Din,Trucks,,174,inserted (gap-fill)
2015,Punjab,Sargodha,Mianwali,Trucks,1969.0,1173,corrected
2018,Punjab,Sargodha,Mianwali,Trucks,863.0,864,corrected
2022,Punjab,Sargodha,Mianwali,Trucks,,750,inserted (gap-fill)
2015,Punjab,Multan,Multan,Trucks,16266.0,3388,corrected
2018,Punjab,Multan,Multan,Trucks,5213.0,5267,corrected
2022,Punjab,Multan,Multan,Trucks,,6788,inserted (gap-fill)
2022,Punjab,D.G.Khan,Muzaffargarh,Trucks,,528,inserted (gap-fill)
2015,Punjab,Lahore,Nankana Sahib,Trucks,40.0,18,corrected
2022,Punjab,Lahore,Nankana Sahib,Trucks,,24,inserted (gap-fill)
2015,Punjab,Gujranwala,Narowal,Trucks,250.0,4,corrected
2022,Punjab,Gujranwala,Narowal,Trucks,,17,inserted (gap-fill)
2018,Punjab,Sahiwal,Okara,Trucks,1672.0,1673,corrected
2022,Punjab,Lahore,Okara,Trucks,,586,inserted (gap-fill)
2015,Punjab,Sahiwal,Pakpattan,Trucks,230.0,27,corrected
2022,Punjab,Multan,Pakpattan,Trucks,,38,inserted (gap-fill)
2015,Punjab,Bahawalpur,R.Y.Khan,Trucks,5754.0,497,corrected
2018,Punjab,Bahawalpur,R.Y.Khan,Trucks,1005.0,1006,corrected
2022,Punjab,Bahawalpur,R.Y.Khan,Trucks,,788,inserted (gap-fill)
2015,Punjab,D.G.Khan,Rajanpur,Trucks,310.0,31,corrected
2022,Punjab,D.G.Khan,Rajanpur,Trucks,,37,inserted (gap-fill)
2015,Punjab,Rawalpindi,Rawalpindi,Trucks,16574.0,9739,corrected
2018,Punjab,Rawalpindi,Rawalpindi,Trucks,6975.0,7056,corrected
2022,Punjab,Rawalpindi,Rawalpindi,Trucks,,9269,inserted (gap-fill)
2015,Punjab,Sahiwal,Sahiwal,Trucks,2908.0,1530,corrected
2018,Punjab,Sahiwal,Sahiwal,Trucks,2256.0,2266,corrected
2022,Punjab,Multan,Sahiwal,Trucks,,1075,inserted (gap-fill)
2015,Punjab,Sargodha,Sargodha,Trucks,2401.0,1274,corrected
2018,Punjab,Sargodha,Sargodha,Trucks,5658.0,5662,corrected
2022,Punjab,Sargodha,Sargodha,Trucks,,2758,inserted (gap-fill)
2018,Punjab,Lahore,Sheikhupura,Trucks,1683.0,1688,corrected
2022,Punjab,Lahore,Sheikhupura,Trucks,,1183,inserted (gap-fill)
2022,Punjab,Gujranwala,Sialkot,Trucks,,444,inserted (gap-fill)
2022,Punjab,Faisalabad,T.T.Singh,Trucks,,106,inserted (gap-fill)
2015,Punjab,Multan,Vehari,Trucks,516.0,101,corrected
2022,Punjab,Multan,Vehari,Trucks,,199,inserted (gap-fill)
